{
  "lmk_faces_idx": [
    7726,
    2666,
    3406,
    8460,
    8371,
    8456,
    8455,
    8384,
    8382,
    2622,
    7155,
    3680,
    8909,
    8198,
    8258,
    3195,
    3112,
    8829,
    7930,
    225,
    3779,
    8809,
    3839,
    3845,
    5107,
    6428,
    1248,
    8626,
    1180,
    3742,
    8800,
    2238,
    7341,
    8803,
    5920,
    6229,
    6765,
    6773,
    2462,
    3730,
    8730,
    6650,
    8548,
    1649,
    8820,
    3799,
    6076,
    5374,
    759,
    8593,
    3691,
    197,
    7423,
    2354,
    7390,
    7418,
    2331,
    917,
    5997,
    885,
    917,
    8219,
    8768,
    8635,
    6055,
    6026,
    6069,
    7498,
    7446,
    2452,
    8668,
    8799
  ],
  "lmk_bary_coords": [
    [
      0.5,
      0.5,
      0.0
    ],
    [
      1.0,
      0.0,
      0.0
    ],
    [
      0.3333333,
      0.3333333,
      0.3333333
    ],
    [
      0.5,
      0.5,
      0.0
    ],
    [
      0.3333333,
      0.3333333,
      0.3333333
    ],
    [
      0.3333333,
      0.3333333,
      0.3333333
    ],
    [
      0.0,
      0.5,
      0.5
    ],
    [
      0.5,
      0.5,
      0.0
    ],
    [
      1.0,
      0.0,
      0.0
    ],
    [
      0.5,
      0.0,
      0.5
    ],
    [
      1.0,
      0.0,
      0.0
    ],
    [
      0.3333333,
      0.3333333,
      0.3333333
    ],
    [
      0.0,
      0.5,
      0.5
    ],
    [
      0.3333333,
      0.3333333,
      0.3333333
    ],
    [
      0.3333333,
      0.3333333,
      0.3333333
    ],
    [
      0.0,
      0.5,
      0.5
    ],
    [
      0.5,
      0.0,
      0.5
    ],
    [
      0.3333333,
      0.3333333,
      0.3333333
    ],
    [
      0.5,
      0.0,
      0.5
    ],
    [
      0.5,
      0.0,
      0.5
    ],
    [
      0.5,
      0.0,
      0.5
    ],
    [
      0.5,
      0.5,
      0.0
    ],
    [
      0.5,
      0.0,
      0.5
    ],
    [
      0.0,
      0.5,
      0.5
    ],
    [
      0.5,
      0.5,
      0.0
    ],
    [
      0.5,
      0.0,
      0.5
    ],
    [
      0.3333333,
      0.3333333,
      0.3333333
    ],
    [
      4.999473057765158e-15,
      0.9740002155303955,
      0.025999775156378746
    ],
    [
      0.8086484670639038,
      0.01935010962188244,
      0.1720014214515686
    ],
    [
      0.003992011304944754,
      0.4596897065639496,
      0.536318302154541
    ],
    [
      0.8673513531684875,
      0.12561924755573273,
      0.007029408123344183
    ],
    [
      0.6809834837913513,
      0.23452331125736237,
      0.08449321240186691
    ],
    [
      0.6094620823860168,
      0.16802914440631866,
      0.2225087583065033
    ],
    [
      0.004817526787519455,
      0.6991134881973267,
      0.2960689663887024
    ],
    [
      0.2225087583065033,
      0.16802914440631866,
      0.6094620823860168
    ],
    [
      0.6809834837913513,
      0.08449321240186691,
      0.23452331125736237
    ],
    [
      0.3333333,
      0.3333333,
      0.3333333
    ],
    [
      0.3333333,
      0.3333333,
      0.3333333
    ],
    [
      0.5,
      0.5,
      0
    ],
    [
      0.3333333,
      0.3333333,
      0.3333333
    ],
    [
      0.3333333,
      0.3333333,
      0.3333333
    ],
    [
      0.15,
      0.15,
      0.7
    ],
    [
      0.3333333,
      0.3333333,
      0.3333333
    ],
    [
      0.3333333,
      0.3333333,
      0.3333333
    ],
    [
      0.3333333,
      0.3333333,
      0.3333333
    ],
    [
      0.3333333,
      0.3333333,
      0.3333333
    ],
    [
      0.5,
      0.0,
      0.5
    ],
    [
      0.3333333,
      0.3333333,
      0.3333333
    ],
    [
      0.3333333,
      0.3333333,
      0.3333333
    ],
    [
      0.3333333,
      0.3333333,
      0.3333333
    ],
    [
      0.3333333,
      0.3333333,
      0.3333333
    ],
    [
      0.15,
      0.7,
      0.15
    ],
    [
      0.4711792767047882,
      0.5057284235954285,
      0.023092320188879967
    ],
    [
      0.1317896991968155,
      0.08670816570520401,
      0.7815021276473999
    ],
    [
      0.136175274848938,
      0.701887845993042,
      0.16193686425685883
    ],
    [
      0.07477450370788574,
      0.33583617210388184,
      0.5893893241882324
    ],
    [
      0.5,
      0.0,
      0.5
    ],
    [
      0.4711792767047882,
      0.023092320188879967,
      0.5057284235954285
    ],
    [
      0.13178616762161255,
      0.7815194725990295,
      0.08669432997703552
    ],
    [
      0.136175274848938,
      0.16193686425685883,
      0.701887845993042
    ],
    [
      0.8093733191490173,
      -9.597695766394229e-14,
      0.19062671065330505
    ],
    [
      0.5,
      0.5,
      0.0
    ],
    [
      0.00028422221657820046,
      0.8192539215087891,
      0.18046186864376068
    ],
    [
      0.9783512353897095,
      0.02164875715970993,
      -1.3638637584277862e-15
    ],
    [
      0.5,
      0.5,
      0.0
    ],
    [
      0.09441351890563965,
      0.9030233025550842,
      0.0025631925091147423
    ],
    [
      0.047000590711832047,
      0.9423790574073792,
      0.010620360262691975
    ],
    [
      0.0,
      0.5,
      0.5
    ],
    [
      0.0025631925091147423,
      0.9030233025550842,
      0.09441351890563965
    ],
    [
      0.047000590711832047,
      0.010620360262691975,
      0.9423790574073792
    ],
    [
      0.02153543196618557,
      0.9784510731697083,
      1.3496901374310255e-05
    ],
    [
      0.0001076170738087967,
      0.03357921168208122,
      0.9663131833076477
    ]
  ]
}