{
  "scale_transform": 4122.399989645386,
  "tx_transform": 0.2582781138863169,
  "ty_transform": -0.26074984122168304
}